Cold Bay,Aleutians East
Sand Point,Aleutians East
Anchorage,Anchorage Municipality
Anchorage,Anchorage Municipality
Eagle River,Anchorage Municipality
Akiachak,Bethel Census Area
Bethel,Bethel Census Area
Kalskag,Bethel Census Area
Tuluksak,Bethel Census Area
Fairbanks,Fairbanks North Star
Fairbanks,Fairbanks North Star
Kenai,Kenai Peninsula
Ketchikan,Ketchikan Gateway
Old Harbor,Kodiak Island
Chevak,Kusilvak
Emmonak,Kusilvak
Wasilla,Matanuska-Susitna Borough
Skwentna,Matanuska-Susitna Borough
Anaktuvuk Pass,North Slope
Noatak,Northwest Arctic
Hyder,Prince of Wales-Hyder
Yakutat,Skagway-Hoonah-Angoon
Hoonah,Skagway-Hoonah-Angoon
Petersburg,Wrangell-Petersburg (C
Wrangell,Wrangell-Petersburg (C
Circle,Yukon-Koyukuk (CA)
Rampart,Yukon-Koyukuk (CA)
